label,n_shots,n_points,lambda,sigma_gate,sigma_shot,sigma_total,corr_observed,mean_abs_err_observed,corr_model_mean,corr_model_std,mean_abs_err_model_mean,mean_abs_err_model_std
SV1 shot-only,1000,13500,1.0011718016831934,0.0,0.03031833085261318,0.030112545858111475,0.9944056639393785,0.02386502029117023,0.9943267556426769,6.110898488802629e-05,0.02411889466021175,0.00011755302556609741
Singleton 4q Rigetti,1000,4500,0.20651306124005905,0.14974120133388627,0.03157751382587162,0.15303452798744008,0.3222366560049665,0.20028472937779243,0.32621642442179477,0.013098966186427558,0.2033503895793472,0.0017054789602777335
Packed 80q Rigetti (pooled Z),1000,28800,0.2575371781497292,0.15929101061647846,0.031554270161433806,0.16238626182235924,0.33728775055643556,0.21578939001145273,0.3761432789136143,0.005068755825829189,0.19894246105171612,0.0007872685052877473
