augmenter_name,model_name,mse_mean,mse_std,mae_mean,mae_std,corr_mean,corr_std,mse_r1_mean,mse_r1_std,mse_r2_mean,mse_r2_std,corr_r1_mean,corr_r2_mean,mse_train_mean,mse_train_std,mse_train_r1_mean,mse_train_r2_mean,corr_train_mean,n_features,n_augmented,circuit_depth,qubit_count,wall_clock_mean,n_seeds
angle_strong_4q_2L,ridge,2.480329,,1.193152,,0.964587,,1.843682,,4.365056,,0.833888,0.939343,2.401823,,1.784926,4.311123,0.965424,14,10,2.0,4.0,0.0166,1
autoencoder_4,ridge,5.088031,,1.399548,,0.927489,,2.396188,,13.056953,,0.782896,0.806127,3.226332,,2.395154,5.798831,0.953267,8,4,,,0.0143,1
identity,ridge,4.769347,,1.655304,,0.930666,,3.262846,,9.229187,,0.77734,0.935849,4.682745,,3.18576,9.315919,0.931401,4,0,,,0.0155,1
learned_rff_10,ridge,1.974718,,1.098329,,0.971923,,1.827822,,2.409589,,0.83437,0.966309,1.969534,,1.782291,2.549053,0.971738,14,10,,,0.0155,1
mlp_10,ridge,9.011004,,1.243166,,0.882601,,2.028394,,29.682295,,0.813793,0.686201,2.510874,,1.978154,4.159646,0.963824,14,10,,,0.0159,1
oracle,ridge,2.414922,,1.218359,,0.965531,,2.312755,,2.717375,,0.784001,0.971009,2.340153,,2.298897,2.467842,0.966327,6,2,,,0.0178,1
reservoir_3x3_zz,ridge,1.570685,,0.955116,,0.977724,,1.28621,,2.412844,,0.886394,0.966341,1.507653,,1.275981,2.224677,0.978439,34,30,11.0,4.0,0.0225,1
rff_10,ridge,2.522714,,1.145303,,0.963939,,1.490397,,5.57878,,0.86731,0.923946,2.313501,,1.492221,4.855368,0.966717,14,10,,,0.0176,1
vqc_strong_2L,ridge,3.400057,,1.418483,,0.951136,,2.962931,,4.694121,,0.768008,0.954063,3.383835,,2.983264,4.623602,0.950925,14,10,4.0,4.0,0.016,1
